bhingradiyadhimant,Bhingradiya Dhimant
solitudebysoul,Yeshal Shah
ashwini.mahale01,Ashwini Mahale
cuty_tishu,Tishu patel
bhavik_2110,Bhavik Patel
living_in_style007,HoneyAmir
vivekrajyaguru_,Vivek Rajyaguru
ikunaljawale,Kunal Jawale
dharmesh.gohel.9216,Dharmesh Gohel
jaydesai888299,???бо
its__mihir,Mihir Patel
jash.sonaniintwala02,jash sonaniintwala
janki.patel31,Janki Patel
swat2390,Swati
bike_studio_anand,Rikin patel
vraj.pat,Vraj Patel
_dhruv_2311_,Dhruv Patel
karan_kundnani,Karan Kundnani
ankithirapra42,ankit
dipak_sharma.07,Sharma Deepak
freya.tejal,Tejal Snehal Patel
janki5283,Janki Patel
ruchit_parmar,Ruchit Parmar
tishu_patel_1234,Patel tishu
bela.patel.58173,Bela Patel
ravi_atsni,Ravikumar
keith_c_macdonald,CELL BLOCK YOU
dhruv_3993,Dhruv Bhatt
m_jay9315,Jay Maniya
ambaliya.ankit,Ankit Ambaliya
nishitpatel7391,Nishit##7-3-91
nidhi11695,Nidhi Patel
simranreddy,Simran Reddy
alexvujanic1,Alex
kishanpatel93k,Kishan Patel
brijeshpadhiyar99,Brijesh Padhiyar
kkpatel20,Kishan Patel
sachu.parmar.7,SacHin ParMar
socalledparth,Parth Amin
priyank2809,Priyank Bhagat
patelrahi72,Rahi Patel
dvkptlll,Divyesh patel
ketanvaddoriya1993,Ketan Vaddoriya
aman_kukadiya,Aman Kukadiya
dj_3993,Deep Jasoliya
kaushal.shah8739,Kaushal Shah
shopping_choice_,shopping choice
chavdakartik99,Chavda Kartik
milan251396,milan
vraj.patel26,Vraj Patel
